Date,Tank_ID,Temperature_C,Salinity_psu,pH_mv,light1,light2,light3,light4,notes
20220117,header_tank,NA,NA,NA,NA,NA,NA,NA,Pierrick cleaned and constructed new flow
20220117,quarantine_tank,23.88,34.12,NA,89,91,75,71,
20220117,blue_tank1,25.91,36.62,NA,71,68,54,55,
20220117,blue_tank2,25.91,36.57,NA,68,70,48,51,
20220117,blue_tank3,25.95,36.53,NA,50,52,72,61,
20220117,blue_tank4,25.91,36.55,NA,60,79,56,51,
20220118,header_tank,NA,NA,NA,NA,NA,NA,NA,
20220118,quarantine_tank,24.14,34.24,NA,99,100,101,102,
20220118,blue_tank1,25.35,33.54,NA,71,65,66,78,
20220118,blue_tank2,25.35,33.21,NA,71,65,66,78,
20220118,blue_tank3,25.38,33.54,NA,50,52,65,78,
20220118,blue_tank4,25.38,33.52,NA,75,71,66,67,
20220119,header_tank,NA,NA,NA,NA,NA,NA,NA,light measurements taken with cover on
20220119,quarantine_tank,24.21,34.25,NA,114,109,121,130,
20220119,blue_tank1,25.45,33.66,NA,20,21,23,17,
20220119,blue_tank2,25.45,33.66,NA,21,19,20,18,
20220119,blue_tank3,25.44,33.59,NA,20,22,24,19,
20220119,blue_tank4,25.44,33.59,NA,19,17,46,20,
20220120,header_tank,NA,NA,NA,NA,NA,NA,NA,right side of water table 2 has low light
20220120,quarantine_tank,23.82,34.38,NA,128,67,98,110,
20220120,blue_tank1,25.22,34.03,NA,65,68,60,59,
20220120,blue_tank2,25.22,33.44,NA,61,67,64,68,
20220120,blue_tank3,25.22,34,NA,67,68,70,73,
20220120,blue_tank4,25.21,33.97,NA,35,37,42,46,
20220121,header_tank,NA,NA,NA,NA,NA,NA,NA,
20220121,quarantine_tank,24.09,34.25,NA,120,119,110,111,
20220121,blue_tank1,25.41,33.5,NA,55,66,67,60,
20220121,blue_tank2,25.42,33.51,NA,61,66,71,57,
20220121,blue_tank3,25.4,33.49,NA,58,59,62,64,
20220121,blue_tank4,25.41,33.44,NA,35,33,41,44,
20220125,header_tank,NA,NA,NA,NA,NA,NA,NA,"pH/alk was declining overnight in the blue tank, 10:00am added 20mL of Fritz buffer alk part 1 to heater tank; 10:05 added 10mL of Fritz buffer alk part 1 to quarantine tank, trident ran successfully as scheduled overnight. From these data, alk has declined to <8 prior to addition of the 10mL above or 20mL above; 10:35 running test of alk in quarantine tank, 10:40a, added header to quarantine tank, QT readout at 11:10a: alk 8.67, Ca: 377, Mg 1240"
20220125,quarantine_tank,23.9,34.67,NA,27,34,31,29,
20220125,blue_tank1,25.85,35.1,NA,62,59,56,60,
20220125,blue_tank2,25.85,35.01,NA,62,59,57,61,
20220125,blue_tank3,25.84,35.03,NA,43,45,48,40,
20220125,blue_tank4,25.84,35,NA,46,44,46,45,
20220126,header_tank,NA,NA,NA,NA,NA,NA,NA,"five of 13 corals exhibit signs of stress, put on bottom row in case there is too much light "
20220126,quarantine_tank,24.34,34.93,NA,67,71,59,62,
20220126,blue_tank1,25.66,35.19,NA,44,40,39,42,
20220126,blue_tank2,25.67,35.15,NA,37,36,41,42,
20220126,blue_tank3,25.65,35.18,NA,35,36,42,41,
20220126,blue_tank4,25.65,35.19,NA,45,42,43,46,
20220127,header_tank,NA,NA,NA,NA,NA,NA,NA,
20220127,quarantine_tank,23.84,35.43,NA,61,49,52,65,
20220127,blue_tank1,25.27,35.48,NA,71,68,65,66,
20220127,blue_tank2,25.27,35.48,NA,59,59,62,61,
20220127,blue_tank3,25.27,35.48,NA,58,52,49,47,
20220127,blue_tank4,25.26,35.48,NA,48,46,45,48,
20220131,header_tank,25.36,35.52,NA,NA,NA,NA,NA,"added more DI to header at 9:40am, added heater to QT at 9:48am"
20220131,quarantine_tank,23.37,35.64,NA,38,62,55,56,
20220131,blue_tank1,25.43,35.66,NA,53,44,52,51,
20220131,blue_tank2,25.42,35.6,NA,49,53,51,46,
20220131,blue_tank3,25.41,35.58,NA,42,43,51,52,
20220131,blue_tank4,25.41,35.55,NA,43,46,48,50,
20220202,header_tank,NA,NA,NA,NA,NA,NA,NA,
20220202,quarantine_tank,24.569,34.42,-76.7,55,58,49,51,
20220202,blue_tank1,25.863,34.47,-82.8,55,54,47,53,
20220202,blue_tank2,25.863,34.46,-82.8,45,51,52,48,
20220202,blue_tank3,25.861,34.33,-82.5,48,47,46,43,
20220202,blue_tank4,25.86,34.39,-83,42,46,44,41,
20220203,header_tank,NA,NA,NA,NA,NA,NA,NA,AI light was off; plug got moved and was not in properly; fixed at 10:04a; calibrated conductivity 
20220203,quarantine_tank,25.355,35,-78.5,47,45,46,48,
20220203,blue_tank1,26.019,35.04,-83.1,69,72,73,70,
20220203,blue_tank2,26.018,35.2,-82.9,66,66,70,71,
20220203,blue_tank3,26.01,35.1,-82.6,64,59,61,66,
20220203,blue_tank4,25.944,35.08,-80.6,41,44,45,42,
20220204,header_tank,25.34,35.21,-84.8,NA,NA,NA,NA,
20220204,quarantine_tank,26.812,35.21,-79.7,76,79,79,63,
20220204,blue_tank1,26.816,35.22,-84.6,27,34,36,39,
20220204,blue_tank2,26.815,35.23,-84.7,28,29,34,31,
20220204,blue_tank3,26.8,35.27,-84.2,26,21,19,23,
20220204,blue_tank4,26.71,35.24,-84.8,25,18,23,24,
20220207,header_tank,25.3,36,-82,NA,NA,NA,NA,
20220207,quarantine_tank,25.3,36.07,-82.2,126,125,121,132,
20220207,blue_tank1,25.43,36.06,-82.3,NA,NA,NA,NA,
20220207,blue_tank2,25.43,36.08,-82.3,NA,NA,NA,NA,
20220207,blue_tank3,25.42,36.1,-82.1,NA,NA,NA,NA,
20220207,blue_tank4,24.41,35.1,-81,NA,NA,NA,NA,
20220208,header_tank,NA,36.42,NA,NA,NA,NA,NA,
20220208,quarantine_tank,25.323,36.39,-79.4,49,48,52,50,
20220208,blue_tank1,26.077,36.43,-82.2,38,39,36,42,
20220208,blue_tank2,26.08,36.32,-82.4,35,33,34,30,
20220208,blue_tank3,26.066,36.36,-82.5,29,30,31,30,
20220208,blue_tank4,26.065,36.29,-82.5,32,39,29,31,
20220209,header_tank,25.087,36.32,-82.9,NA,NA,NA,NA,
20220209,quarantine_tank,25.337,36.14,-80.1,44,55,46,50,
20220209,blue_tank1,25.121,36.44,-82.8,25,26,27,25,
20220209,blue_tank2,25.124,36.41,-82.8,23,24,20,22,
20220209,blue_tank3,25.121,36.33,-82.9,19,18,16,12,
20220209,blue_tank4,25.118,36.32,-82.9,23,19,21,27,
20220210,header_tank,25.732,36.79,-81.7,NA,NA,NA,NA,
20220210,quarantine_tank,26.462,36.54,-79.7,40,52,45,42,
20220210,blue_tank1,25.782,36.75,-81.5,27,30,28,31,
20220210,blue_tank2,25.782,36.81,-82.1,24,25,22,30,
20220210,blue_tank3,25.776,36.79,-82.2,28,26,15,26,
20220210,blue_tank4,25.787,36.76,-82.1,21,30,29,26,
20220211,quarantine_tank,25.33,33.96,-80.3,46,48,42,49,
20220211,blue_tank1,25.76,34.32,-82.4,26,28,30,25,
20220211,blue_tank2,25.76,34.28,-82.8,24,32,28,26,
20220211,blue_tank3,25.75,34.27,-83,19,18,17,22,
20220211,blue_tank4,25.74,34.26,-82.4,24,36,25,29,
20220211,header_tank,25.74,34.5,-82.8,NA,NA,NA,NA,
20220214,quarantine_tank,25.234,34.28,-81.1,47,46,55,54,
20220214,blue_tank1,25.57,34.84,-83,10,10,11,11,
20220214,blue_tank2,25.571,34.8,-83.7,10,11,13,12,
20220214,blue_tank3,25.564,34.78,-83.9,8,9,7,8,
20220214,blue_tank4,25.557,34.78,-83.9,7,8,10,12,
20220214,header_tank,25.555,34.81,-83.8,NA,NA,NA,NA,
20220215,quarantine_tank,25.335,33.84,-79.6,NA,NA,NA,NA,
20220215,blue_tank1,25.553,34.91,-82.7,NA,NA,NA,NA,
20220215,blue_tank2,25.553,34.93,-82.6,NA,NA,NA,NA,
20220215,blue_tank3,25.553,34.92,-82.2,NA,NA,NA,NA,
20220215,blue_tank4,25.543,34.98,-82.7,NA,NA,NA,NA,
20220215,header_tank,NA,35.81,NA,NA,NA,NA,NA,
20220216,quarantine_tank,25.36,33.81,-79,57,53,42,33,
20220216,blue_tank1,25.61,34.46,-80.3,27,30,29,27,
20220216,blue_tank2,25.612,34.42,-80.5,24,23,25,27,
20220216,blue_tank3,25.611,34.44,-80.5,20,23,27,24,
20220216,blue_tank4,25.6,34.43,-80.5,30,25,22,28,
20220216,header_tank,25.597,34.48,-80.5,NA,NA,NA,NA,
20220217,quarantine_tank,25.347,33,-79.4,33,35,41,40,
20220217,blue_tank1,26.428,34.49,-81.9,33,36,35,36,
20220217,blue_tank2,26.43,34.52,-81.8,34,41,34,37,
20220217,blue_tank3,26.422,34.62,-82,33,24,33,32,
20220217,blue_tank4,26.411,34.57,-81.9,34,34,33,31,
20220217,header_tank,NA,34.51,NA,NA,NA,NA,NA,
20220218,quarantine_tank,25.71,33.93,-79,200,72,29,155,
20220218,blue_tank1,27.5,34.79,-82.8,27,27,26,28,
20220218,blue_tank2,27.29,34.66,-83.6,25,23,22,25,
20220218,blue_tank3,27.29,34.6,-84.3,22,22,23,17,
20220218,blue_tank4,27.27,34.59,-83.5,21,27,21,25,
20220218,header_tank,27.24,34.72,NA,NA,NA,NA,NA,
20220221,quarantine_tank,25.394,34.34,-81.2,13,80,180,30,
20220221,blue_tank1,25.704,34.84,-82.2,13,14,28,30,
20220221,blue_tank2,25.712,34.91,-81.7,20,23,23,30,
20220221,blue_tank3,25.718,34.82,-82.6,16,21,18,22,
20220221,blue_tank4,25.706,34.86,-82.6,21,23,24,23,
20220221,header_tank,25.671,34.83,-82.5,NA,NA,NA,NA,
20220617,header_tank,28.16,34.74,NA,NA,NA,NA,NA,
20220617,quarantine_tank,25.55,36.17,NA,NA,NA,NA,NA,
20220617,blue_tank1,28.27,34.7,NA,NA,NA,NA,NA,
20220617,blue_tank2,28.2,34.58,NA,NA,NA,NA,NA,
20220617,blue_tank3,28.21,34.59,NA,NA,NA,NA,NA,
20220617,blue_tank4,28.2,34.56,NA,NA,NA,NA,NA,
20220222,quarantine_tank,25.37,34.67,-80.5,20,124,100,170,
20220222,blue_tank1,26.015,35.06,-80.7,15,16,24,27,
20220222,blue_tank2,26.015,34.98,-81.4,24,26,30,28,
20220222,blue_tank3,26.01,34.95,-81.6,17,20,17,24,
20220222,blue_tank4,25.009,35.22,-81.4,17,24,30,34,
20220222,header_tank,25.979,35.07,-81.6,NA,NA,NA,NA,
20220203,quarantine_tank,25.36,34.17,-80.5,41,62,52,35,
20220203,blue_tank1,26.557,34.89,-82.5,14,16,23,19,
20220203,blue_tank2,26.556,34.85,-82.7,23,25,26,27,
20220203,blue_tank3,26.542,34.78,-82.8,17,19,25,22,
20220203,blue_tank4,26.541,34.81,-82.8,26,30,24,25,
20220203,header_tank,26.532,34.82,-82.8,NA,NA,NA,NA,
20220225,quarantine_tank,25.327,35.43,-80.4,NA,NA,NA,NA,
20220225,blue_tank1,25.684,35.92,-82.9,NA,NA,NA,NA,
20220225,blue_tank2,25.688,35.84,-82.7,NA,NA,NA,NA,
20220225,blue_tank3,25.675,35.83,-82.9,NA,NA,NA,NA,
20220225,blue_tank4,25.665,35.84,-82.9,NA,NA,NA,NA,
20220225,header_tank,25.637,35.88,-82.8,NA,NA,NA,NA,
20220228,quarantine_tank,25.342,35.98,-81,50,42,38,46,
20220228,blue_tank1,25.373,36.97,-81.6,15,18,25,30,
20220228,blue_tank2,25.378,36.66,-82.2,20,30,26,32,
20220228,blue_tank3,25.368,36.68,-82.3,15,20,30,27,
20220228,blue_tank4,25.352,36.79,-82.3,18,22,31,19,
20220228,header_tank,25.327,36.75,-82.5,NA,NA,NA,NA,
20220620,header_tank,27.82,33.84,NA,NA,NA,NA,NA,
20220620,quarantine_tank,25.6,34.79,NA,NA,NA,NA,NA,
20220620,blue_tank1,27.85,33.44,NA,NA,NA,NA,NA,
20220620,blue_tank2,27.85,33.22,NA,27.62,NA,NA,NA,
20220620,blue_tank3,27.86,33.2,NA,NA,NA,NA,NA,
20220620,blue_tank4,27.85,33.28,NA,NA,NA,NA,NA,
20220621,header_tank,27.62,35.24,NA,NA,NA,NA,NA,
20220621,quarantine_tank,25.56,36.45,NA,NA,NA,NA,NA,
20220621,blue_tank1,27.68,34.87,NA,NA,NA,NA,NA,
20220621,blue_tank2,27.69,34.78,NA,NA,NA,NA,NA,
20220621,blue_tank3,27.68,34.81,NA,NA,NA,NA,NA,
20220621,blue_tank4,27.69,34.83,NA,NA,NA,NA,NA,
20220622,header_tank,27.7,35,NA,NA,NA,NA,NA,
20220622,quarantine_tank,25.47,36.55,NA,NA,NA,NA,NA,
20220622,blue_tank1,27.76,35.06,NA,NA,NA,NA,NA,
20220622,blue_tank2,27.76,34.86,NA,NA,NA,NA,NA,
20220622,blue_tank3,27.76,34.86,NA,NA,NA,NA,NA,
20220622,blue_tank4,27.76,34.85,NA,NA,NA,NA,NA,
20220623,header_tank,27.62,34.73,NA,NA,NA,NA,NA,
20220623,quarantine_tank,25.44,36.38,NA,NA,NA,NA,NA,
20220623,blue_tank1,27.65,34.78,NA,NA,NA,NA,NA,
20220623,blue_tank2,27.65,34.6,NA,NA,NA,NA,NA,
20220623,blue_tank3,27.65,34.65,NA,NA,NA,NA,NA,
20220623,blue_tank4,27.63,34.65,NA,NA,NA,NA,NA,
20220624,header_tank,28.2,34.56,NA,NA,NA,NA,NA,
20220624,quarantine_tank,25.77,36.11,NA,NA,NA,NA,NA,
20220624,blue_tank1,28.24,34.57,NA,NA,NA,NA,NA,
20220624,blue_tank2,28.24,34.31,NA,NA,NA,NA,NA,
20220624,blue_tank3,28.23,34.29,NA,NA,NA,NA,NA,
20220624,blue_tank4,28.23,34.27,NA,NA,NA,NA,NA,
20220624,header_tank,28.2,34.56,NA,NA,NA,NA,NA,
20220624,quarantine_tank,25.77,36.11,NA,NA,NA,NA,NA,
20220624,blue_tank1,28.24,34.57,NA,NA,NA,NA,NA,
20220624,blue_tank2,28.24,34.31,NA,NA,NA,NA,NA,
20220624,blue_tank3,28.23,34.29,NA,NA,NA,NA,NA,
20220624,blue_tank4,28.23,34.27,NA,NA,NA,NA,NA,
20220627,header_tank,28.03,34.75,NA,NA,NA,NA,NA,
20220627,quarantine_tank,26.05,34.25,NA,NA,NA,NA,NA,
20220627,blue_tank1,28.07,34.55,NA,NA,NA,NA,NA,
20220627,blue_tank2,28.07,34.46,NA,NA,NA,NA,NA,
20220627,blue_tank3,28.06,34.37,NA,NA,NA,NA,NA,
20220627,blue_tank4,28.05,34.45,NA,NA,NA,NA,NA,
20220628,header_tank,28.05,34.55,NA,NA,NA,NA,NA,
20220628,quarantine_tank,25.82,34.16,NA,NA,NA,NA,NA,
20220628,blue_tank1,28.1,34.37,NA,NA,NA,NA,NA,
20220628,blue_tank2,28.01,34.34,NA,NA,NA,NA,NA,
20220628,blue_tank3,28.08,34.28,NA,NA,NA,NA,NA,
20220628,blue_tank4,28.1,34.38,NA,NA,NA,NA,NA,
20220629,header_tank,27.65,35.15,NA,NA,NA,NA,NA,
20220629,quarantine_tank,25.81,34.45,NA,NA,NA,NA,NA,
20220629,blue_tank1,27.69,34.86,NA,NA,NA,NA,NA,
20220629,blue_tank2,27.69,34.5,NA,NA,NA,NA,NA,
20220629,blue_tank3,27.67,34.52,NA,NA,NA,NA,NA,
20220629,blue_tank4,27.67,34.52,NA,NA,NA,NA,NA,
20220630,header_tank,27.6,35.17,NA,NA,NA,NA,NA,
20220630,quarantine_tank,25.72,33.8,NA,NA,NA,NA,NA,
20220630,blue_tank1,27.68,35.22,NA,NA,NA,NA,NA,
20220630,blue_tank2,27.69,35.22,NA,NA,NA,NA,NA,
20220630,blue_tank3,27.68,33.21,NA,NA,NA,NA,NA,
20220630,blue_tank4,27.68,33.26,NA,NA,NA,NA,NA,
20220701,header_tank,27.84,35.07,NA,NA,NA,NA,NA,
20220701,quarantine_tank,25.78,34.82,NA,NA,NA,NA,NA,
20220701,blue_tank1,27.88,34.84,NA,NA,NA,NA,NA,
20220701,blue_tank2,27.88,34.76,NA,NA,NA,NA,NA,
20220701,blue_tank3,27.88,34.2,NA,NA,NA,NA,NA,
20220701,blue_tank4,27.88,34.5,NA,NA,NA,NA,NA,
20220705,header_tank,26.1,34.78,NA,NA,NA,NA,NA,
20220705,quarantine_tank,26.31,35.19,NA,NA,NA,NA,NA,
20220705,blue_tank1,26.12,34.59,NA,NA,NA,NA,NA,
20220705,blue_tank2,26.11,34.56,NA,NA,NA,NA,NA,
20220705,blue_tank3,26.09,34.55,NA,NA,NA,NA,NA,
20220705,blue_tank4,26.12,34.58,NA,NA,NA,NA,NA,
20220706,header_tank,26.41,34.4,NA,NA,NA,NA,NA,
20220706,quarantine_tank,26.19,34.88,NA,NA,NA,NA,NA,
20220706,blue_tank1,26.45,34.24,NA,NA,NA,NA,NA,
20220706,blue_tank2,26.45,34.2,NA,NA,NA,NA,NA,
20220706,blue_tank3,26.44,34.2,NA,NA,NA,NA,NA,
20220706,blue_tank4,26.44,34.2,NA,NA,NA,NA,NA,
20220707,header_tank,26.08,34.35,NA,NA,NA,NA,NA,
20220707,quarantine_tank,26.09,34.95,NA,NA,NA,NA,NA,
20220707,blue_tank1,26.12,34.19,NA,NA,NA,NA,NA,
20220707,blue_tank2,26.12,34.18,NA,NA,NA,NA,NA,
20220707,blue_tank3,26.1,34.17,NA,NA,NA,NA,NA,
20220707,blue_tank4,26.12,34.19,NA,NA,NA,NA,NA,
20220601,header_tank,28.04,34.32,-78.4,NA,NA,NA,NA,
20220601,quarantine_tank,26.22,38.43,-84,108,57,35,46,
20220601,blue_tank1,28.11,34.34,-79.5,98,93,73,76,
20220601,blue_tank2,28.1,34.23,-79.7,70,83,78,60,
20220601,blue_tank3,28.09,34.31,-80,68,74,71,59,
20220601,blue_tank4,28.08,34.34,-79.8,61,52,71,62,
20220602,header_tank,NA,34.39,NA,NA,NA,NA,NA,
20220602,quarantine_tank,26.38,38.52,-82.1,53,71,72,69,
20220602,blue_tank1,27.73,34.36,-76.9,73,72,71,74,
20220602,blue_tank2,27.74,34.35,-77,63,63,64,61,
20220602,blue_tank3,27.72,34.36,-77.2,61,56,65,65,
20220602,blue_tank4,27.72,34.37,-77.3,62,67,67,68,
20220603,header_tank,26.72,35.11,-75.7,NA,NA,NA,NA,
20220603,quarantine_tank,25.34,39.17,-83,16,150,58,77,
20220603,blue_tank1,26.77,35.1,-77,55,68,70,66,
20220603,blue_tank2,26.76,35.04,-77,72,60,57,74,
20220603,blue_tank3,26.75,35.12,-77,49,37,43,54,
20220603,blue_tank4,26.74,35.13,-77,70,37,36,51,
20220606,header_tank,27.49,34.62,-74,NA,NA,NA,NA,
20220606,quarantine_tank,25.77,38.51,-82,25,87,153,13,
20220606,blue_tank1,27.52,34.46,-75.9,80,71,66,88,
20220606,blue_tank2,27.52,34.33,-75.9,84,65,38,56,
20220606,blue_tank3,27.52,34.34,-75.8,77,61,68,78,
20220606,blue_tank4,27.52,34.36,-75.7,77,58,59,68,
20220607,header_tank,27.241,34.74,-74,NA,NA,NA,NA,
20220607,quarantine_tank,25.493,36.71,-82.7,60,67,76,81,
20220607,blue_tank1,27.31,34.78,-74.3,81,90,76,77,
20220607,blue_tank2,27.41,34.79,-74.2,82,71,76,77,
20220607,blue_tank3,27.421,34.76,-74.6,83,80,67,78,
20220607,blue_tank4,27.379,34.77,-74.6,78,76,56,68,
20220610,header_tank,27.92,34.44,NA,NA,NA,NA,NA,
20220610,quarantine_tank,26.15,38.69,NA,11,109,101,47,
20220610,blue_tank1,27.97,36.52,NA,88,53,57,72,
20220610,blue_tank2,27.97,36.51,NA,75,52,54,55,
20220610,blue_tank3,27.95,36.49,NA,78,56,61,77,
20220610,blue_tank4,27.95,36.47,NA,75,51,44,60,
20220613,header_tank,28.13,36.47,NA,NA,NA,NA,NA,
20220613,quarantine_tank,25.8,38.39,NA,NA,NA,NA,NA,
20220613,blue_tank1,28.19,36.46,NA,NA,NA,NA,NA,
20220613,blue_tank2,28.14,36.5,NA,NA,NA,NA,NA,
20220613,blue_tank3,28.17,36.49,NA,NA,NA,NA,NA,
20220613,blue_tank4,28.14,36.48,NA,NA,NA,NA,NA,
20220614,header_tank,28.24,34.67,NA,NA,NA,NA,NA,
20220614,quarantine_tank,25.45,35.73,NA,NA,NA,NA,NA,
20220614,blue_tank1,28.23,34.3,NA,NA,NA,NA,NA,
20220614,blue_tank2,28.25,34.16,NA,NA,NA,NA,NA,
20220614,blue_tank3,28.14,34.2,NA,NA,NA,NA,NA,
20220614,blue_tank4,28.3,34.22,NA,NA,NA,NA,NA,
20220615,header_tank,28.41,35.32,NA,NA,NA,NA,NA,
20220615,quarantine_tank,25.38,36.63,NA,NA,NA,NA,NA,
20220615,blue_tank1,28.45,35.27,NA,NA,NA,NA,NA,
20220615,blue_tank2,28.44,35.02,NA,NA,NA,NA,NA,
20220615,blue_tank3,28.45,35.06,NA,NA,NA,NA,NA,
20220615,blue_tank4,28.44,35.06,NA,NA,NA,NA,NA,
20220616,header_tank,28.65,35.68,NA,NA,NA,NA,NA,
20220616,quarantine_tank,28.81,34.53,NA,NA,NA,NA,NA,
20220616,blue_tank1,28.71,33.1,NA,NA,NA,NA,NA,
20220616,blue_tank2,28.71,33.02,NA,NA,NA,NA,NA,
20220616,blue_tank3,28.7,33.01,NA,NA,NA,NA,NA,
20220616,blue_tank4,28.7,32.98,NA,NA,NA,NA,NA,
20220711,header_tank,26.35,34.57,-58.1,,,,,
20220711,quarantine_tank,26.1,35.48,-63,,,,,
20220711,blue_tank1,26.35,34.31,-58.8,,,,,
20220711,blue_tank2,26.35,34.27,-58.7,,,,,
20220711,blue_tank3,26.34,34.26,-57.7,,,,,
20220711,blue_tank4,26.34,34.39,-57.7,,,,,
20220712,header_tank,26.31,33.32,-58.1,,,,,
20220712,quarantine_tank,26.33,36.34,-63,,,,,
20220712,blue_tank1,26.34,33.2,-58.8,,,,,
20220712,blue_tank2,26.36,33.16,-58.7,,,,,
20220712,blue_tank3,26.35,33.24,-58.7,,,,,
20220712,blue_tank4,26.35,33.26,-58.7,,,,,
20220713,header_tank,26.37,35.11,,,,,,
20220713,quarantine_tank,26.21,34.67,,,,,,
20220713,blue_tank1,26.39,34.67,,,,,,
20220713,blue_tank2,26.39,34.67,,,,,,
20220713,blue_tank3,26.37,34.67,,,,,,
20220713,blue_tank4,26.39,34.92,,,,,,
20220714,header_tank,26.11,32.75,-58.7,,,,,
20220714,quarantine_tank,26.56,33.91,-62,,,,,
20220714,blue_tank1,26.12,32.69,-59.2,,,,,
20220714,blue_tank2,26.13,32.65,-59.2,,,,,
20220714,blue_tank3,26.11,32.65,-59.2,,,,,
20220714,blue_tank4,26.09,32.84,-59.4,,,,,
20220716,header_tank,25.98,32.98,-56.4,,,,,
20220716,quarantine_tank,26.16,34.08,-61.9,,,,,
20220716,blue_tank1,26.02,32.82,-56.5,,,,,
20220716,blue_tank2,26.02,32.77,-56.4,,,,,
20220716,blue_tank3,26.02,32.75,-56.4,,,,,
20220716,blue_tank4,26.02,32.76,-56.5,,,,,
20220717,header_tank,26.02,,,,,,,
20220717,quarantine_tank,,,,,,,,
20220717,blue_tank1,28.11,,,,,,,
20220717,blue_tank2,28.12,,,,,,,
20220717,blue_tank3,28.08,,,,,,,
20220717,blue_tank4,28.1,,,,,,,
20220718,header_tank,26.41,33.54,-52.1,,,,,
20220718,quarantine_tank,26.63,34.84,-62.3,,,,,
20220718,blue_tank1,26.46,33.41,-52.5,,,,,
20220718,blue_tank2,26.46,33.34,-52.3,,,,,
20220718,blue_tank3,26.45,33.31,-52,,,,,
20220718,blue_tank4,26.46,33.31,-51.9,,,,,
20220719,header_tank,26.61,34.01,-54.7,,,,,
20220719,quarantine_tank,26.66,33.62,-62.3,,,,,
20220719,blue_tank1,26.64,33.57,-55.1,,,,,
20220719,blue_tank2,26.64,33.52,-55,,,,,
20220719,blue_tank3,26.64,33.64,-54.9,,,,,
20220719,blue_tank4,26.64,33.59,-54.9,,,,,
20220720,header_tank,26.9,33.21,-56.2,,,,,
20220720,quarantine_tank,27.05,32.96,-61.6,,,,,
20220720,blue_tank1,26.96,32.98,-56.8,,,,,
20220720,blue_tank2,26.96,32.97,-56.8,,,,,
20220720,blue_tank3,26.96,33,-56.7,,,,,
20220720,blue_tank4,26.96,32.94,-56.8,,,,,
20220725,header_tank,26.27,33.73,-56.5,,,,,
20220725,quarantine_tank,27.24,33.78,-61.5,,,,,
20220725,blue_tank1,26.33,33.7,-58.1,,,,,
20220725,blue_tank2,26.32,33.69,-58.2,,,,,
20220725,blue_tank3,26.32,33.68,-56.5,,,,,
20220725,blue_tank4,26.32,33.68,-58,,,,,
20220726,header_tank,26.23,33.79,-56.5,,,,,
20220726,quarantine_tank,26.63,33.18,-61.2,,,,,
20220726,blue_tank1,26.26,33.73,-56.5,,,,,
20220726,blue_tank2,26.26,33.73,-56.5,,,,,
20220726,blue_tank3,26.25,33.73,-56.5,,,,,
20220726,blue_tank4,26.25,33.73,-56.6,,,,,
20220727,header_tank,26.24,33.82,-54.8,,,,,
20220727,quarantine_tank,26.14,33.23,-59.9,,,,,
20220727,blue_tank1,26.28,33.79,-54.9,,,,,
20220727,blue_tank2,26.28,33.8,-54.9,,,,,
20220727,blue_tank3,26.28,33.78,-55,,,,,
20220727,blue_tank4,26.28,33.81,-55.1,,,,,
20220728,header_tank,26.01,34.1,-64.2,,,,,
20220728,quarantine_tank,26.31,33.2,-61.2,,,,,
20220728,blue_tank1,26.05,34.09,-64.5,,,,,
20220728,blue_tank2,26.05,34.09,-64.5,,,,,
20220728,blue_tank3,26.05,34.09,-64.7,,,,,
20220728,blue_tank4,26.06,34.09,-64.7,,,,,
20220729,header_tank,26.11,34.21,-66.7,,,,,
20220729,quarantine_tank,25.47,33.33,-60.6,,,,,
20220729,blue_tank1,26.15,34.16,-66.7,,,,,
20220729,blue_tank2,26.14,34.16,-66.8,,,,,
20220729,blue_tank3,26.13,34.17,-66.8,,,,,
20220729,blue_tank4,26.14,34.16,-66.9,,,,,
20220801,header_tank,26.4,34.21,-66.4,,,,,
20220801,quarantine_tank,25.33,31.31,-61.8,,,,,
20220801,blue_tank1,26.44,34.2,-66.4,,,,,
20220801,blue_tank2,26.45,34.18,-66.4,,,,,
20220801,blue_tank3,26.43,34.18,-66.4,,,,,
20220801,blue_tank4,26.44,34.18,-66.4,,,,,
20220802,header_tank,,,,,,,,
20220802,quarantine_tank,25.34,33.37,-61,,,,,
20220802,blue_tank1,26.47,34.78,-65.1,,,,,
20220803,header_tank,26.36,34.45,-63.3,,,,,
20220803,quarantine_tank,25.47,33.98,-59.1,,,,,
20220803,blue_tank1,26.44,34.44,-63.3,,,,,
20220804,blue_tank1,26.36,34.27,-65.4,,,,,
20220805,blue_tank1,26.33,34.33,-64.6,,,,,
20220808,blue_tank1,26.16,34.29,-66.4,,,,,
20220809,blue_tank1,26.16,34.04,-65.8,,,,,
20220810,blue_tank1,26.42,34,-66,,,,,
20220812,blue_tank1,26.26,33.98,-67.2,,,,,
20220816,blue_tank1,26.21,33.93,-65.5,,,,,
20220815,header_tank,26.17,33.95,-67.2,,,,,
20220815,quarantine_tank,26.21,33.94,-62.2,,,,,
20220815,blue_tank1,26.2,33.92,-67.4,,,,,
20220815,blue_tank2,26.19,33.92,-67.4,,,,,
20220815,blue_tank3,26.2,33.93,-67.4,,,,,
20220815,blue_tank4,26.2,33.93,-67.4,,,,,
20220816,blue_tank1,26.2,33.92,-67.7,,,,,
20220817,blue_tank1,26.2,33.92,-67.7,,,,,
20220818,blue_tank1,26.26,33.95,-68.1,,,,,
20220819,blue_tank1,26.27,33.95,-68.1,,,,,
20220822,header_tank,26.07,34.16,-68.5,,,,,
20220822,quarantine_tank,26.34,34.53,-62.7,,,,,
20220822,blue_tank1,26.17,34.03,-68.8,,,,,
20220822,blue_tank2,26.16,34.03,-68.8,,,,,
20220822,blue_tank3,26.17,34.03,-68.9,,,,,
20220822,blue_tank4,26.17,34.01,-68.9,,,,,
20220823,header_tank,26.16,34.03,-66.6,,,,,
20220823,quarantine_tank,26.4,34.56,-61.5,,,,,
20220823,blue_tank1,26.2,34.03,-68.8,,,,,
20220823,blue_tank2,26.2,34.03,-66.8,,,,,
20220823,blue_tank3,26.2,34.03,-66.9,,,,,
20220823,blue_tank4,26.2,34.05,-66.9,,,,,
20220825,header_tank,26.13,34.04,-67.7,,,,,
20220825,quarantine_tank,26.22,34.68,-61.4,,,,,
20220825,blue_tank1,26.17,33.93,-67.9,,,,,
20220825,blue_tank2,26.16,33.92,-67.9,,,,,
20220825,blue_tank3,26.17,33.92,-67.9,,,,,
20220825,blue_tank4,26.17,33.94,-67.9,,,,,
20220826,header_tank,26.1,33.93,-67.7,,,,,
20220826,quarantine_tank,26.5,34.67,-62,,,,,
20220826,blue_tank1,26.2,33.89,-67.7,,,,,
20220826,blue_tank2,26.2,33.88,-67.7,,,,,
20220826,blue_tank3,26.2,33.88,-67.7,,,,,
20220826,blue_tank4,26.2,33.89,-67.8,,,,,
20220829,header_tank,26.41,33.63,-67.3,,,,,
20220829,quarantine_tank,26.99,33,-62,,,,,
20220829,blue_tank1,26.42,33.6,-67.3,,,,,
20220829,blue_tank2,26.41,33.6,-67.4,,,,,
20220829,blue_tank3,26.41,33.61,-67.5,,,,,
20220829,blue_tank4,26.41,33.62,-67.5,,,,,
20220830,header_tank,26.28,33.66,-66.7,,,,,
20220830,quarantine_tank,26.61,33.03,-62.1,,,,,
20220830,blue_tank1,26.33,33.61,-66.9,,,,,
20220830,blue_tank2,26.33,33.62,-67,,,,,
20220830,blue_tank3,26.31,33.63,-67,,,,,
20220830,blue_tank4,26.29,33.63,-67.1,,,,,
20220831,header_tank,26.33,33.83,-65.4,,,,,
20220831,quarantine_tank,26.4,33.08,-61.4,,,,,
20220831,blue_tank1,26.36,33.8,-65.6,,,,,
20220831,blue_tank2,26.37,33.79,-65.6,,,,,
20220831,blue_tank3,26.37,33.79,-65.7,,,,,
20220831,blue_tank4,26.37,33.79,-65.7,,,,,
20220901,header_tank,26.45,33.09,-66.6,,,,,
20220901,quarantine_tank,26.5,33.21,-61.5,,,,,
20220901,blue_tank1,26.48,34.05,-66.7,,,,,
20220901,blue_tank2,26.48,34.05,-66.8,,,,,
20220901,blue_tank3,26.47,34.06,-66.9,,,,,
20220901,blue_tank4,26.46,34.06,-66.8,,,,,
20220902,header_tank,26.34,34.21,-64.7,,,,,
20220902,quarantine_tank,26.55,33.17,-60.9,,,,,
20220902,blue_tank1,26.35,34.2,-64.8,,,,,
20220902,blue_tank2,26.36,34.2,-64.9,,,,,
20220902,blue_tank3,26.34,34.35,-64.9,,,,,
20220902,blue_tank4,26.34,34.35,-64.7,,,,,
20220906,header_tank,26.32,35,-68.4,,,,,
20220906,quarantine_tank,26.73,32.67,-58.8,,,,,
20220906,blue_tank1,26.35,34.95,-68,,,,,
20220906,blue_tank2,26.35,34.95,-68.1,,,,,
20220906,blue_tank3,26.37,34.94,-68.2,,,,,
20220906,blue_tank4,26.36,34.95,-68.2,,,,,
20220913,header_tank,26.22,34.9,-61.6,,,,,
20220913,quarantine_tank,27.66,34.95,-59.8,,,,,
20220913,blue_tank1,26.27,34.96,-61.9,,,,,
20220913,blue_tank2,26.27,34.95,-61.9,,,,,
20220913,blue_tank3,26.28,34.96,-61.9,,,,,
20220913,blue_tank4,26.28,34.96,-61.9,,,,,
20220914,blue_tank1,26.25,37.12,-61.8,,,,,
20220914,blue_tank2,26.24,37.12,-61.7,,,,,
20220914,blue_tank3,26.23,37.11,-61.8,,,,,
20220914,blue_tank4,26.23,37.11,-61.8,,,,,
20220914,header_tank,26.21,37.15,-61.7,,,,,
20220914,quarantine_tank,27.5,37.38,-59.7,,,,,
20220916,blue_tank1,26.22,36.95,-63,,,,,
20220916,blue_tank2,26.22,36.95,-63,,,,,
20220916,blue_tank3,26.21,36.95,-62,,,,,
20220916,blue_tank4,26.16,36.95,-63,,,,,
20220916,header_tank,26.2,36.95,-63,,,,,
20220916,quarantine_tank,27.84,37.71,-58.4,,,,,
20220920,header_tank,26.18,35.54,-62.9,,,,,
20220920,quarantine_tank,27.6,35.24,-56.6,,,,,
20220920,blue_tank1,26.22,34.46,-62.8,,,,,
20220920,blue_tank2,26.23,34.47,-62.7,,,,,
20220920,blue_tank3,26.22,34.48,-62.6,,,,,
20220920,blue_tank4,26.22,34.37,-62.6,,,,,
20220921,header_tank,26.21,34.5,-63.3,,,,,
20220921,quarantine_tank,27.46,35.34,-55.9,,,,,
20220921,blue_tank1,26.25,34.46,-63.3,,,,,
20220921,blue_tank2,26.25,34.46,-63.3,,,,,
20220921,blue_tank3,26.25,34.46,-63.3,,,,,
20220921,blue_tank4,26.25,34.48,-63.2,,,,,
20220922,header_tank,26.27,34.48,-62.9,,,,,
20220922,quarantine_tank,27.57,35.4,-57.5,,,,,
20220922,blue_tank1,26.31,34.42,-63.1,,,,,
20220922,blue_tank2,26.31,34.43,-63,,,,,
20220922,blue_tank3,26.3,34.43,-63,,,,,
20220922,blue_tank4,26.3,34.42,-63,,,,,
20220923,blue_tank1,26.47,34.19,-65,,,,,
20220923,blue_tank2,26.47,34.18,-65.1,,,,,
20220923,blue_tank3,26.46,34.21,-65.1,,,,,
20220923,blue_tank4,26.44,34.22,-65.1,,,,,
20220923,header_tank,26.43,34.34,-65.1,,,,,
20220926,blue_tank1,26.19,34.23,-63.4,,,,,
20220926,blue_tank2,26.18,34.18,-63.7,,,,,
20220926,blue_tank3,26.18,34.17,-63.7,,,,,
20220926,blue_tank4,26.18,34.17,-63.8,,,,,
20220926,header_tank,26.13,34.18,-63.7,,,,,
20220927,header_tank,26.27,34.11,-64.1,,,,,
20220927,blue_tank1,26.3,34.1,-64.3,,,,,
20220927,blue_tank2,26.3,34.09,-64.4,,,,,
20220927,blue_tank3,26.3,34.09,-64.5,,,,,
20220927,blue_tank4,26.3,34.08,-64.5,,,,,
20220928,blue_tank1,26.37,33.91,-61.5,,,,,
20220928,blue_tank2,26.36,33.93,-61.5,,,,,
20220928,blue_tank3,26.36,33.92,-61.5,,,,,
20220928,blue_tank4,26.36,33.91,-61.5,,,,,
20220928,header_tank,26.33,33.95,-65.6,,,,,
20220929,header_tank,26.25,34.72,-61.7,,,,,
20220929,blue_tank1,26.29,34.72,-61.8,,,,,
20220929,blue_tank2,26.28,34.7,-61.9,,,,,
20220929,blue_tank3,26.28,34.7,-61.9,,,,,
20220929,blue_tank4,26.28,34.7,-61.9,,,,,
20220930,blue_tank1,26.31,34.88,-62.5,,,,,
20220930,blue_tank2,26.31,34.86,-62.6,,,,,
20220930,blue_tank3,26.3,34.87,-62.8,,,,,
20220930,blue_tank4,26.31,34.86,-62.8,,,,,
20220930,header_tank,26.28,34.92,-62.8,,,,,
20221003,blue_tank1,26.19,35.58,-64.4,,,,,
20221003,blue_tank2,26.19,35.53,-64.7,,,,,
20221003,blue_tank3,26.18,35.52,-64.7,,,,,
20221003,blue_tank4,26.18,35.52,-64.8,,,,,
20221003,header_tank,26.15,35.54,-64.7,,,,,
20221004,header_tank,26.25,35.28,-62.6,,,,,
20221004,blue_tank1,26.25,35.27,-62.7,,,,,
20221004,blue_tank2,26.24,35.27,-62.7,,,,,
20221004,blue_tank3,26.24,35.29,-62.7,,,,,
20221004,blue_tank4,26.23,35.27,-62.7,,,,,
20221005,blue_tank1,26.31,34.64,-62.3,,,,,
20221005,blue_tank2,26.31,34.64,-62.4,,,,,
20221005,blue_tank3,26.3,34.64,-62.5,,,,,
20221005,blue_tank4,26.3,34.64,-62.5,,,,,
20221005,header_tank,26.29,34.64,-62.5,,,,,
20221006,header_tank,26.24,35.29,-61.9,,,,,
20221006,blue_tank1,26.28,35.27,-62.1,,,,,
20221006,blue_tank2,26.28,35.27,-62.2,,,,,
20221006,blue_tank3,26.28,35.27,-62.2,,,,,
20221006,blue_tank4,26.29,35.26,-62.2,,,,,
20221007,blue_tank1,26.27,35.2,-63.6,,,,,
20221007,blue_tank2,26.27,35.21,-63.4,,,,,
20221007,blue_tank3,26.26,35.2,-63.8,,,,,
20221007,blue_tank4,26.26,35.2,-63.9,,,,,
20221007,header_tank,26.26,35.19,-63.8,,,,,
20221011,header_tank,26.12,34.51,-61.1,,,,,
20221011,blue_tank1,26.15,34.54,-61.3,,,,,
20221011,blue_tank2,26.16,34.53,-61.3,,,,,
20221011,blue_tank3,26.15,34.53,-61.3,,,,,
20221011,blue_tank4,26.15,34.53,-61.3,,,,,
20221012,blue_tank1,26.14,35.46,-60.8,,,,,
20221012,blue_tank2,26.12,35.43,-61.4,,,,,
20221012,blue_tank3,26.13,35.41,-61.5,,,,,
20221012,blue_tank4,26.13,35.41,-61.5,,,,,
20221012,header_tank,26.13,35.54,-61.1,,,,,
20221013,blue_tank1,26.18,35.4,-64.2,,,,,
20221013,blue_tank2,26.18,35.43,-64.2,,,,,
20221013,blue_tank3,26.17,35.41,-64.3,,,,,
20221013,blue_tank4,26.18,35.41,-64.3,,,,,
20221013,header_tank,26.17,35.4,-64.3,,,,,
20221014,blue_tank1,26.2,35.4,-64.7,,,,,
20221014,blue_tank2,26.2,35.42,-65,,,,,
20221014,blue_tank3,26.18,35.42,-65.1,,,,,
20221014,blue_tank4,26.19,35.38,-65,,,,,
20221014,header_tank,26.17,35.26,-65.2,,,,,
20221017,blue_tank1,26.09,34.63,-62.9,,,,,
20221017,blue_tank2,26.09,34.59,-63.2,,,,,
20221017,blue_tank3,26.08,34.59,-63.2,,,,,
20221017,blue_tank4,26.08,34.59,-63.2,,,,,
20221017,header_tank,26.05,34.59,-63.3,,,,,
20221018,header_tank,26.18,34.63,-61.3,,,,,
20221018,blue_tank1,26.22,34.59,-62.2,,,,,
20221018,blue_tank2,26.22,34.59,-62.2,,,,,
20221018,blue_tank3,26.21,34.59,-62.3,,,,,
20221018,blue_tank4,26.21,34.59,-62.3,,,,,
20221018,blue_tank4,26.21,34.59,-62.3,,,,,
20221019,blue_tank1,26.27,34.59,-61,,,,,
20221019,blue_tank2,26.26,34.55,-61.4,,,,,
20221019,blue_tank3,26.26,34.55,-61.6,,,,,
20221019,blue_tank4,26.25,34.55,-61.6,,,,,
20221019,header_tank,26.25,34.55,-61.7,,,,,
20221020,header_tank,26.18,34.63,-61.3,,,,,
20221020,blue_tank1,26.22,34.59,-62.2,,,,,
20221020,blue_tank2,26.22,34.59,-62.2,,,,,
20221020,blue_tank3,26.21,34.59,-62.3,,,,,
20221020,blue_tank4,26.21,34.59,-62.3,,,,,
20221024,header_tank,26.29,34.63,-60.5,,,,,
20221024,blue_tank1,26.34,34.59,-60.7,,,,,
20221024,blue_tank2,26.34,34.57,-60.9,,,,,
20221024,blue_tank3,26.33,34.56,-60.9,,,,,
20221024,blue_tank4,26.33,34.56,-61,,,,,
20221025,header_tank,26.05,34.55,-59.9,,,,,
20221025,blue_tank1,26.11,34.52,-59.8,,,,,
20221025,blue_tank2,26.11,34.52,-59.8,,,,,
20221025,blue_tank3,26.11,34.52,-60,,,,,
20221025,blue_tank4,26.11,34.52,-60,,,,,
20221027,header_tank,26.26,34.35,-60.2,,,,,
20221027,blue_tank1,26.29,34.37,-60.3,,,,,
20221027,blue_tank2,26.29,34.37,-60.3,,,,,
20221027,blue_tank3,26.28,34.37,-60.4,,,,,
20221027,blue_tank4,26.28,34.37,-60.4,,,,,
20221101,header_tank,26.41,34.4,-60.1,,,,,
20221101,blue_tank1,26.45,34.35,-60.3,,,,,
20221101,blue_tank2,26.45,34.35,-60.3,,,,,
20221101,blue_tank3,26.44,34.33,-60.4,,,,,
20221101,blue_tank4,26.44,34.33,-60.4,,,,,
20221103,header_tank,26.08,34.29,-59.9,,,,,
20221103,blue_tank1,26.11,34.28,-59.7,,,,,
20221103,blue_tank2,26.11,34.28,-59.7,,,,,
20221103,blue_tank3,26.11,34.27,-59.7,,,,,
20221103,blue_tank4,26.11,34.27,-59.7,,,,,
20221108,header_tank,26.32,34.25,-62.7,,,,,
20221108,blue_tank1,26.37,34.23,-63,,,,,
20221108,blue_tank2,26.37,34.23,-63,,,,,
20221108,blue_tank3,26.35,34.24,-63.2,,,,,
20221108,blue_tank4,26.35,34.24,-63.2,,,,,
20221109,header_tank,26.16,34.06,-59.8,,,,,
20221109,blue_tank1,26.19,34,-60.1,,,,,
20221109,blue_tank2,26.18,33.99,-60.2,,,,,
20221109,blue_tank3,26.18,33.99,-60.3,,,,,
20221109,blue_tank4,26.17,34,-60.4,,,,,
20221110,header_tank,26.08,34.02,-59.9,,,,,
20221110,blue_tank1,26.16,33.99,-60.1,,,,,
20221110,blue_tank2,26.16,33.99,-60.1,,,,,
20221110,blue_tank3,26.16,33.98,-60.2,,,,,
20221110,blue_tank4,26.16,33.98,-60.2,,,,,
20221115,header_tank,26.3,33.66,-59.4,,,,,
20221115,blue_tank1,26.32,33.66,-59.6,,,,,
20221115,blue_tank2,26.32,33.66,-59.6,,,,,
20221115,blue_tank3,26.33,33.65,-59.9,,,,,
20221115,blue_tank4,26.33,33.65,-59.9,,,,,
20221117,header_tank,26.18,33.69,-57.4,,,,,
20221117,blue_tank1,26.21,33.61,-58.3,,,,,
20221117,blue_tank2,26.21,33.61,-58.3,,,,,
20221117,blue_tank3,26.22,33.6,-58.5,,,,,
20221117,blue_tank4,26.22,33.6,-58.5,,,,,
20221123,header_tank,26.22,34.03,-59,,,,,
20221123,blue_tank1,26.23,34.05,-59.1,,,,,
20221123,blue_tank2,26.23,34.04,-59.1,,,,,
20221123,blue_tank3,26.22,34.05,-59.2,,,,,
20221123,blue_tank4,26.22,34.06,-59.2,,,,,
20221128,header_tank,26.1,33.81,-60,,,,,
20221128,blue_tank1,26.14,33.82,-59.9,,,,,
20221128,blue_tank2,26.15,33.78,-59.8,,,,,
20221128,blue_tank3,26.15,33.78,-60,,,,,
20221128,blue_tank4,26.15,33.77,-60,,,,,
20221129,header_tank,26.4,33.81,-57.7,,,,,
20221129,blue_tank1,26.45,33.86,-57.3,,,,,
20221129,blue_tank2,26.43,33.8,-57.5,,,,,
20221129,blue_tank3,26.43,33.8,-57.7,,,,,
20221129,blue_tank4,26.43,33.79,-57.7,,,,,
20221206,header_tank,26.14,34.05,-54.9,,,,,
20221206,blue_tank1,26.16,34.02,-55.4,,,,,
20221206,blue_tank2,26.16,34.02,-55.4,,,,,
20221206,blue_tank3,26.16,34.01,-55.9,,,,,
20221206,blue_tank4,26.16,34.01,-55.9,,,,,
20221208,header_tank,26.19,33.92,-55,,,,,
20221208,blue_tank1,26.21,33.94,-55.5,,,,,
20221208,blue_tank2,26.21,33.94,-55.5,,,,,
20221208,blue_tank3,26.21,33.94,-55.7,,,,,
20221208,blue_tank4,26.21,33.94,-55.7,,,,,
20221212,header_tank,26.33,34.1,-55.7,,,,,
20221212,blue_tank1,26.39,34.14,-55.3,,,,,
20221212,blue_tank2,26.41,34.1,-55.7,,,,,
20221212,blue_tank3,26.4,34.1,-55.8,,,,,
20221212,blue_tank4,26.41,34.08,-55.9,,,,,
20221213,header_tank,26.13,33.94,-54.1,,,,,
20221213,blue_tank1,26.17,33.99,-54.5,,,,,
20221213,blue_tank2,26.17,33.99,-54.5,,,,,
20221213,blue_tank3,26.16,33.99,-54.8,,,,,
20221213,blue_tank4,26.16,33.99,-54.8,,,,,
20221214,header_tank,26.28,33.99,-56,,,,,
20221214,blue_tank1,26.29,33.96,-56.5,,,,,
20221214,blue_tank2,26.29,33.97,-56.6,,,,,
20221214,blue_tank3,26.29,33.96,-56.8,,,,,
20221214,blue_tank4,26.29,33.99,-56.7,,,,,
20221215,header_tank,26.33,34.05,-56.4,,,,,
20221215,blue_tank1,26.39,34.02,-56.8,,,,,
20221215,blue_tank2,26.38,34.02,-56.8,,,,,
20221215,blue_tank3,26.39,33.98,-57.2,,,,,
20221215,blue_tank4,26.39,33.99,-57.2,,,,,
20221216,header_tank,26.26,33.96,-56.2,,,,,
20221216,blue_tank1,26.26,33.96,-56.3,,,,,
20221216,blue_tank2,26.24,33.96,-56.4,,,,,
20221216,blue_tank3,26.26,33.97,-56.5,,,,,
20221216,blue_tank4,26.25,33.97,-56.2,,,,,
20221219,blue_tank1,26.31,34.3,-56.8,,,,,
20221219,blue_tank2,26.39,34.29,-56.8,,,,,
20221219,blue_tank3,26.38,34.36,-56.5,,,,,
20221219,blue_tank4,26.38,34.37,-56.6,,,,,
20221219,header_tank,26.34,34.38,-56.8,,,,,
20221221,blue_tank1,26.31,34.12,-56.5,,,,,
20221221,blue_tank2,26.32,34.04,-56.7,,,,,
20221221,blue_tank3,26.32,34.05,-56.9,,,,,
20221221,blue_tank4,26.32,34.06,-56.9,,,,,
20221221,header_tank,26.2,34.04,-56.9,,,,,
20221222,blue_tank1,26.4,34.15,-55.7,,,,,
20221222,blue_tank2,26.41,34.12,-56.2,,,,,
20221222,blue_tank3,26.42,34.1,-56.4,,,,,
20221222,blue_tank4,26.41,34.13,-56.4,,,,,
20221222,header_tank,26.31,34.15,-56.4,,,,,
20221227,blue_tank1,26.38,34.44,-57.6,,,,,
20221227,blue_tank2,26.39,34.4,-57.6,,,,,
20221227,blue_tank3,26.4,34.39,-57.7,,,,,
20221227,blue_tank4,26.4,34.39,-57.8,,,,,
20221227,header_tank,26.32,34.46,-57.7,,,,,
20221228,blue_tank1,26.32,34.44,-59,,,,,
20230101,blue_tank1,26.24,34.37,-59.4,,,,,
20230102,blue_tank1,26.32,34.44,-61.3,,,,,
20230105,header_tank,26.23,34.48,-51.5,,,,,
20230105,blue_tank1,26.27,34.45,-52.3,,,,,
20230105,blue_tank2,26.27,34.42,-52.5,,,,,
20230105,blue_tank3,26.26,34.41,-52.6,,,,,
20230105,blue_tank4,26.26,34.41,-52.6,,,,,
20230106,header_tank,26.26,34.58,-51.9,,,,,
20230106,blue_tank1,26.34,34.45,-52.7,,,,,
20230106,blue_tank2,26.34,34.45,-52.7,,,,,
20230106,blue_tank3,26.34,34.42,-53.1,,,,,
20230106,blue_tank4,26.34,34.42,-53.1,,,,,
20230109,header_tank,26.4,34.65,-52.8,,,,,
20230109,blue_tank1,26.42,34.57,-53.1,,,,,
20230109,blue_tank2,26.42,34.57,-53.1,,,,,
20230109,blue_tank3,26.42,34.56,-53.3,,,,,
20230109,blue_tank4,26.42,34.56,-53.3,,,,,
20230110,header_tank,26.35,34.61,-54.1,,,,,
20230110,blue_tank1,26.38,34.64,-53.9,,,,,
20230110,blue_tank2,26.36,34.6,-54.5,,,,,
20230110,blue_tank3,26.38,34.63,-54,,,,,
20230110,blue_tank4,26.38,34.61,-54.5,,,,,
20230111,header_tank,26.19,34.65,-53.3,,,,,
20230111,blue_tank1,26.26,34.64,-53.6,,,,,
20230111,blue_tank2,26.26,34.64,-53.6,,,,,
20230111,blue_tank3,26.26,34.62,-53.7,,,,,
20230111,blue_tank4,26.26,34.62,-53.7,,,,,
20230112,header_tank,26.24,34.7,-54,,,,,
20230112,blue_tank1,26.29,34.71,-54.2,,,,,
20230112,blue_tank2,26.29,34.71,-54.2,,,,,
20230112,blue_tank3,26.3,34.7,-54.4,,,,,
20230112,blue_tank4,26.3,34.7,-54.4,,,,,
20230113,header_tank,26.34,34.18,-54,,,,,
20230113,blue_tank1,26.34,34.17,-54,,,,,
20230113,blue_tank2,26.34,34.17,-54,,,,,
20230113,blue_tank3,26.35,34.13,-54.1,,,,,
20230113,blue_tank4,26.35,34.13,-54.1,,,,,
20230117,header_tank,26.1,33.51,-50.6,,,,,
20230117,blue_tank1,26.13,33.42,-50.8,,,,,
20230117,blue_tank2,26.13,33.42,-50.8,,,,,
20230117,blue_tank3,26.13,33.4,-50.8,,,,,
20230117,blue_tank4,26.13,33.4,-50.8,,,,,
20230119,header_tank,26.14,33.5,-54.1,,,,,
20230119,blue_tank1,26.13,33.66,-54.5,,,,,
20230119,blue_tank2,26.13,33.66,-54.5,,,,,
20230119,blue_tank3,26.18,33.45,-54.7,,,,,
20230119,blue_tank4,26.18,33.45,-54.7,,,,,
20230120,header_tank,26.47,34.07,-50.3,,,,,
20230120,blue_tank1,26.44,33.74,-50.5,,,,,
20230120,blue_tank2,26.44,33.74,-50.5,,,,,
20230120,blue_tank3,26.45,33.8,-50.7,,,,,
20230120,blue_tank4,26.45,33.8,-50.7,,,,,
20230123,header_tank,26.35,33.77,-51.6,,,,,
20230123,blue_tank1,26.44,33.64,-51.4,,,,,
20230123,blue_tank2,26.44,33.64,-51.4,,,,,
20230123,blue_tank3,26.44,33.72,-51.8,,,,,
20230123,blue_tank4,26.44,33.72,-51.8,,,,,
20230124,header_tank,26.3,33.89,-56.8,,,,,
20230124,blue_tank1,26.35,33.79,-56.3,,,,,
20230124,blue_tank2,26.35,33.79,-56.3,,,,,
20230124,blue_tank3,26.35,33.77,-56.5,,,,,
20230124,blue_tank4,26.35,33.77,-56.5,,,,,
20230125,header_tank,26.22,33.96,-50.8,,,,,
20230125,blue_tank1,26.22,34.98,-50.8,,,,,
20230125,blue_tank2,26.22,34.98,-51.2,,,,,
20230125,blue_tank3,26.2,34.98,-51.2,,,,,
20230125,blue_tank4,26.2,34.98,-51.2,,,,,
20230130,header_tank,26.28,34.19,-50.8,,,,,
20230130,blue_tank1,26.28,34.25,-51,,,,,
20230130,blue_tank2,26.28,34.25,-51,,,,,
20230130,blue_tank3,26.7,34.6,-51.2,,,,,
20230130,blue_tank4,26.7,34.6,-51.2,,,,,
20230131,header_tank,26.33,33.89,-52.4,,,,,
20230131,blue_tank1,26.37,33.82,-52.6,,,,,
20230131,blue_tank2,26.37,33.82,-52.6,,,,,
20230131,blue_tank3,26.37,33.8,-52.7,,,,,
20230131,blue_tank4,26.37,33.8,-52.7,,,,,
20230201,header_tank,26.17,33.73,-50.7,,,,,
20230201,blue_tank1,26.2,33.86,-51,,,,,
20230201,blue_tank2,26.2,33.86,-51,,,,,
20230201,blue_tank3,26.19,33.82,-50.9,,,,,
20230201,blue_tank4,26.19,33.82,-50.9,,,,,
20230202,header_tank,26.09,33.78,-52.8,,,,,
20230202,blue_tank1,26.15,33.76,-53,,,,,
20230202,blue_tank2,26.15,33.76,-53,,,,,
20230202,blue_tank3,26.15,34.7,-52.8,,,,,
20230202,blue_tank4,26.15,34.7,-52.8,,,,,
20230206,header_tank,26.37,33.87,-55.3,,,,,
20230206,blue_tank1,26.4,33.93,-55.2,,,,,
20230206,blue_tank2,26.4,33.93,-55.2,,,,,
20230206,blue_tank3,26.4,33.9,-55.4,,,,,
20230206,blue_tank4,26.4,33.9,-55.4,,,,,
20230207,header_tank,26.35,33.91,NA,,,,,
20230207,blue_tank1,26.41,33.92,NA,,,,,
20230207,blue_tank2,26.41,33.91,NA,,,,,
20230207,blue_tank3,26.4,33.91,NA,,,,,
20230207,blue_tank4,26.4,33.91,NA,,,,,
20230208,header_tank,26.35,33.9,NA,,,,,
20230208,blue_tank1,26.32,33.91,NA,,,,,
20230208,blue_tank2,26.32,33.91,NA,,,,,
20230208,blue_tank3,26.32,33.92,NA,,,,,
20230208,blue_tank4,26.32,33.92,NA,,,,,
20230209,header_tank,26.27,34.34,NA,,,,Ph probe needs to be calibrated,
20230209,blue_tank1,26.32,34,NA,,,,,
20230209,blue_tank2,26.32,34,NA,,,,,
20230209,blue_tank3,26.32,33.98,NA,,,,,
20230209,blue_tank4,26.32,33.98,NA,,,,,
20230210,header_tank,26.5,33.99,NA,,,,,
20230210,blue_tank1,26.5,33.89,NA,,,,,
20230210,blue_tank2,26.5,33.89,NA,,,,,
20230210,blue_tank3,26.5,33.9,NA,,,,,
20230210,blue_tank4,26.51,33.89,NA,,,,,
20230213,header_tank,26.4,34.16,NA,,,,,
20230213,blue_tank1,26.5,33.91,NA,,,,,
20230213,blue_tank2,26.5,33.91,NA,,,,,
20230213,blue_tank3,26.5,33.93,NA,,,,,
20230213,blue_tank4,26.5,33.93,NA,,,,,
20230214,header_tank,26.62,33.92,NA,,,,,
20230214,blue_tank1,26.63,33.88,NA,,,,,
20230214,blue_tank2,26.63,33.88,NA,,,,,
20230214,blue_tank3,26.62,33.87,NA,,,,,
20230214,blue_tank4,26.62,33.87,NA,,,,,
20230215,header_tank,26.4,34.18,NA,,,,,
20230215,blue_tank1,26.44,34.02,NA,,,,,
20230215,blue_tank2,26.44,34.02,NA,,,,,
20230215,blue_tank3,26.45,34.41,NA,,,,,
20230215,blue_tank4,26.45,34.41,NA,,,,,
20230216,header_tank,26.48,34.21,NA,,,,,
20230216,blue_tank1,26.48,34.03,NA,,,,,
20230216,blue_tank2,26.48,34.03,NA,,,,,
20230216,blue_tank3,26.48,34.03,NA,,,,,
20230216,blue_tank4,26.48,34.03,NA,,,,,
20230217,header_tank,26.35,33.88,NA,,,,,
20230217,blue_tank1,26.36,33.8,NA,,,,,
20230217,blue_tank2,26.35,33.8,NA,,,,,
20230217,blue_tank3,26.35,33.8,NA,,,,,
20230217,blue_tank4,26.35,33.82,NA,,,,,
20230221,header_tank,26.23,33.87,NA,,,,,
20230221,blue_tank1,26.27,33.84,NA,,,,,
20230221,blue_tank2,26.27,33.84,NA,,,,,
20230221,blue_tank3,26.28,33.81,NA,,,,,
20230221,blue_tank4,26.28,33.81,NA,,,,,
20230222,header_tank,26.2,34.43,NA,,,,,
20230222,blue_tank1,26.21,34.22,NA,,,,,
20230222,blue_tank2,26.21,34.22,NA,,,,,
20230222,blue_tank3,26.24,33.85,NA,,,,,
20230222,blue_tank4,26.24,33.85,NA,,,,,
20230223,header_tank,26.25,34.41,NA,,,,,
20230223,blue_tank1,26.31,34.43,NA,,,,,
20230223,blue_tank2,26.31,34.43,NA,,,,,
20230223,blue_tank3,26.32,34.16,NA,,,,,
20230223,blue_tank4,26.32,34.16,NA,,,,,
20230224,header_tank,26.25,34.01,NA,,,,,
20230224,blue_tank1,26.29,33.88,NA,,,,,
20230224,blue_tank2,26.29,33.88,NA,,,,,
20230224,blue_tank3,26.3,33.85,NA,,,,,
20230224,blue_tank4,26.3,33.85,NA,,,,,
20230227,header_tank,25.86,34.11,NA,,,,,
20230227,blue_tank1,25.97,34.06,NA,,,,,
20230227,blue_tank2,25.97,34.06,NA,,,,,
20230227,blue_tank3,25.99,34.82,NA,,,,,
20230227,blue_tank4,25.99,34.82,NA,,,,,
20230302,header_tank,26.32,34.93,NA,,,,,
20230302,blue_tank1,26.33,34.5,NA,,,,,
20230302,blue_tank2,26.33,34.5,NA,,,,,
20230302,blue_tank3,26.36,34.65,NA,,,,,
20230302,blue_tank4,26.36,34.65,NA,,,,,
20230303,header_tank,26.38,34.23,NA,,,,,
20230303,blue_tank1,26.4,34.22,NA,,,,,
20230303,blue_tank2,26.41,34.89,NA,,,,,
20230303,blue_tank3,26.43,34.39,NA,,,,,
20230303,blue_tank4,26.43,34.39,NA,,,,,
20230306,header_tank,26.26,35.23,NA,,,,,
20230306,blue_tank1,26.28,35.26,NA,,,,,
20230306,blue_tank2,26.28,35.26,NA,,,,,
20230306,blue_tank3,26.3,35.28,NA,,,,,
20230306,blue_tank4,26.3,35.28,NA,,,,,
20230307,header_tank,26.25,35.24,NA,,,,,
20230307,blue_tank1,26.27,35.24,NA,,,,,
20230307,blue_tank2,26.27,35.24,NA,,,,,
20230307,blue_tank3,26.27,35.24,NA,,,,,
20230307,blue_tank4,26.27,35.24,NA,,,,,
20230308,header_tank,26.25,35.23,NA,,,,,
20230308,blue_tank1,26.27,35.21,NA,,,,,
20230308,blue_tank2,26.27,35.21,NA,,,,,
20230308,blue_tank3,26.27,35.22,NA,,,,,
20230308,blue_tank4,26.27,35.22,NA,,,,,
20230309,header_tank,26.44,35.34,NA,,,,,
20230309,blue_tank1,26.45,35.39,NA,,,,,
20230309,blue_tank2,26.45,35.39,NA,,,,,
20230309,blue_tank3,26.46,35.38,NA,,,,,
20230309,blue_tank4,26.46,35.38,NA,,,,,
20230313,header_tank,26.12,34.91,NA,,,,,
20230313,blue_tank1,26.1,34.4,NA,,,,,
20230313,blue_tank2,26.1,34.4,NA,,,,,
20230313,blue_tank3,26.15,34.4,NA,,,,,
20230313,blue_tank4,26.15,34.4,NA,,,,,
20230314,header_tank,26.23,35.1,NA,,,,,
20230314,blue_tank1,26.25,35.14,NA,,,,,
20230314,blue_tank2,26.25,35.14,NA,,,,,
20230314,blue_tank3,26.25,35.16,NA,,,,,
20230314,blue_tank4,26.25,35.16,NA,,,,,
20230315,header_tank,26.24,35.11,NA,,,,,
20230316,header_tank,26.21,35.01,NA,,,,,
20230316,blue_tank1,26.21,35.07,NA,,,,,
20230316,blue_tank2,26.21,35.07,NA,,,,,
20230316,blue_tank3,26.26,35.07,NA,,,,,
20230316,blue_tank4,26.26,35.07,NA,,,,,
20230322,header_tank,26.18,34.94,NA,,,,,
20230322,blue_tank1,26.18,35.03,NA,,,,,
20230322,blue_tank2,26.18,35.01,NA,,,,,
20230322,blue_tank3,26.18,35.01,NA,,,,,
20230322,blue_tank4,26.18,35.03,NA,,,,,
20230322,quarantine_tank,23.88,34.84,NA,,,,,
20230323,header_tank,26.29,35.12,NA,,,,,
20230323,blue_tank1,26.29,35.1,NA,,,,,
20230323,blue_tank2,26.29,35.1,NA,,,,,
20230323,blue_tank3,26.31,35.18,NA,,,,,
20230323,blue_tank4,26.31,35.18,NA,,,,,
20230323,quarantine_tank,24.23,34.9,NA,,,,,
20230327,header_tank,26.22,34.07,NA,,,,,
20230327,blue_tank1,26.26,34,NA,,,,,
20230327,blue_tank2,26.26,34,NA,,,,,
20230327,blue_tank3,26.26,34.08,NA,,,,,
20230327,blue_tank4,26.26,34.08,NA,,,,,
20230327,quarantine_tank,24.29,35.65,NA,,,,,
20230328,header_tank,26.13,34.98,NA,,,,,
20230328,blue_tank1,26.16,34.01,NA,,,,,
20230328,blue_tank2,26.16,34.01,NA,,,,,
20230328,blue_tank3,26.16,34.01,NA,,,,,
20230328,blue_tank4,26.16,34.01,NA,,,,,
20230328,quarantine_tank,24.8,35.16,NA,,,,,
20230330,header_tank,26.32,34.28,NA,,,,,
20230330,blue_tank1,26.41,34.21,NA,,,,,
20230330,blue_tank2,26.41,34.21,NA,,,,,
20230330,blue_tank3,26.41,34.26,NA,,,,,
20230330,blue_tank4,26.41,34.26,NA,,,,,
20230330,quarantine_tank,24.49,36.03,NA,,,,,
20230331,header_tank,26.21,35.03,NA,,,,,
20230331,blue_tank1,26.24,35.04,NA,,,,,
20230331,blue_tank2,26.24,35.04,NA,,,,,
20230331,blue_tank3,26.35,35.05,NA,,,,,
20230331,blue_tank4,26.35,35.05,NA,,,,,
20230331,quarantine_tank,24.61,36.22,NA,,,,,
20230403,header_tank,26.36,35.22,NA,,,,,
20230403,blue_tank1,26.38,35.2,NA,,,,,
20230403,blue_tank2,26.38,35.2,NA,,,,,
20230403,blue_tank3,26.39,35.26,NA,,,,,
20230403,blue_tank4,26.39,35.26,NA,,,,,
20230403,quarantine_tank,24.69,36.5,NA,,,,,
20230404,header_tank,26.09,35.05,NA,,,,,
20230404,blue_tank1,26.12,35.11,NA,,,,,
20230404,blue_tank2,26.12,35.11,NA,,,,,
20230404,blue_tank3,26.14,35.16,NA,,,,,
20230404,blue_tank4,26.14,35.16,NA,,,,,
20230404,quarantine_tank,24.78,36.67,NA,,,,,
20230406,header_tank,26.14,35.13,NA,,,,,
20230406,blue_tank1,26.18,35.25,NA,,,,,
20230406,blue_tank2,26.18,35.25,NA,,,,,
20230406,blue_tank3,26.18,35.25,NA,,,,,
20230406,blue_tank4,26.18,35.25,NA,,,,,
20230406,quarantine_tank,24.66,36.67,NA,,,,,
20230407,header_tank,26.36,35.33,NA,,,,,
20230407,blue_tank1,26.36,35.33,NA,,,,,
20230407,blue_tank2,26.36,35.35,NA,,,,,
20230407,blue_tank3,26.35,35.44,NA,,,,,
20230407,blue_tank4,26.35,35.44,NA,,,,,
20230410,header_tank,26.19,35.23,NA,,,,,
20230410,blue_tank1,26.26,35.27,NA,,,,,
20230410,blue_tank2,26.26,35.27,NA,,,,,
20230410,blue_tank3,26.25,35.28,NA,,,,,
20230410,blue_tank4,26.25,35.28,NA,,,,,
20230410,quarantine_tank,23.71,36.16,NA,,,,,
20230411,header_tank,26.14,34.47,NA,,,,,
20230411,blue_tank1,26.18,34.34,NA,,,,,
20230411,blue_tank2,26.18,34.34,NA,,,,,
20230411,blue_tank3,26.19,34.32,NA,,,,,
20230411,blue_tank4,26.19,34.32,NA,,,,,
20230411,quarantine_tank,23.89,37.16,NA,,,,,
20230413,header_tank,26.09,35.14,NA,,,,,
20230413,blue_tank1,26.13,35.33,NA,,,,,
20230413,blue_tank2,26.13,35.33,NA,,,,,
20230413,blue_tank3,26.14,35.22,NA,,,,,
20230413,blue_tank4,26.14,35.22,NA,,,,,
20230413,quarantine_tank,23.95,36.52,NA,,,,,
20230414,header_tank,26.34,34.43,NA,,,,,
20230414,blue_tank1,26.32,34.42,NA,,,,,
20230414,blue_tank2,26.33,34.34,NA,,,,,
20230414,blue_tank3,26.35,34.37,NA,,,,,
20230414,blue_tank4,26.33,34.34,NA,,,,,
20230414,quarantine_tank,24.09,37.34,NA,,,,,
20230417,header_tank,26.25,34.33,NA,,,,,
20230417,blue_tank1,26.29,34.29,NA,,,,,
20230417,blue_tank2,26.29,34.29,NA,,,,,
20230417,blue_tank3,26.29,35.3,NA,,,,,
20230417,blue_tank4,26.29,35.3,NA,,,,,
20230417,quarantine_tank,22.22,36.43,NA,,,,,
20230418,header_tank,26.22,35.35,NA,,,,,
20230418,blue_tank1,26.21,35.35,NA,,,,,
20230418,blue_tank2,26.21,35.35,NA,,,,,
20230418,blue_tank3,26.22,35.36,NA,,,,,
20230418,blue_tank4,26.22,35.36,NA,,,,,
20230418,quarantine_tank,23.92,36.99,NA,,,,,
20230419,header_tank,26.31,35.42,NA,,,,,
20230419,blue_tank1,26.33,35.45,NA,,,,,
20230419,blue_tank2,26.33,35.45,NA,,,,,
20230419,blue_tank3,26.32,35.45,NA,,,,,
20230419,blue_tank4,26.32,35.45,NA,,,,,
20230419,quarantine_tank,23.62,36.39,NA,,,,,
20230420,header_tank,26.18,34.73,NA,,,,,
20230420,blue_tank1,26.21,34.67,NA,,,,,
20230420,blue_tank2,26.21,34.67,NA,,,,,
20230420,blue_tank3,26.21,34.5,NA,,,,,
20230420,blue_tank4,26.21,34.5,NA,,,,,
20230420,quarantine_tank,23.78,37.69,NA,,,,,
20230421,header_tank,26.34,35.21,-48.9,,,,,
20230421,blue_tank1,26.35,35.23,-48.6,,,,,
20230421,blue_tank2,26.36,35.23,-48.7,,,,,
20230421,blue_tank3,26.35,35.24,-48,,,,,
20230421,blue_tank4,26.38,35.24,-49,,,,,
20230421,quarantine_tank,23.77,36.56,-62,,,,,
20230424,header_tank,23.15,36.28,NA,,,,,
20230424,blue_tank1,26.42,35.23,NA,,,,,
20230424,blue_tank2,26.42,35.23,NA,,,,,
20230424,blue_tank3,26.44,35.23,NA,,,,,
20230424,blue_tank4,26.44,35.23,NA,,,,,
20230424,quarantine_tank,26.4,35.2,NA,,,,,
20230425,header_tank,26.41,35.11,NA,,,,,
20230425,blue_tank1,26.42,35.2,NA,,,,,
20230425,blue_tank2,26.42,35.2,NA,,,,,
20230425,blue_tank3,26.42,35.2,NA,,,,,
20230425,blue_tank4,26.42,35.2,NA,,,,,
20230425,quarantine_tank,23.12,36.55,NA,,,,,
20230426,header_tank,26.41,34.23,-46,,,,,
20230426,blue_tank1,26.22,34.13,-46.7,,,,,
20230426,blue_tank2,26.22,34.13,-46.7,,,,,
20230426,blue_tank3,26.21,34.16,-46.7,,,,,
20230426,blue_tank4,26.21,34.16,-46.7,,,,,
20230426,quarantine_tank,23.37,37.88,-62.4,,,,,
20230427,header_tank,26.11,34.34,-39.3,,,,,
20230427,blue_tank1,26.14,34.34,-39.5,,,,,
20230427,blue_tank2,26.14,34.34,-39.5,,,,,
20230427,blue_tank3,26.14,34.35,-39.6,,,,,
20230427,blue_tank4,26.14,34.35,-39.6,,,,,
20230427,quarantine_tank,23.15,37.89,-60.6,,,,,
20230501,header_tank,26.3,33.95,-42.1,,,,,
20230501,blue_tank1,26.34,33.91,-41.6,,,,,
20230501,blue_tank2,26.34,33.91,-41.6,,,,,
20230501,blue_tank3,26.36,33.91,-41.8,,,,,
20230501,blue_tank4,26.36,33.91,-41.8,,,,,
20230501,quarantine_tank,23.12,38.09,-61.4,,,,,
20230502,header_tank,26.32,34.11,-43.5,,,,,
20230502,blue_tank1,26.33,33.94,-43.9,,,,,
20230502,blue_tank2,26.33,33.94,-43.9,,,,,
20230502,blue_tank3,26.34,33.93,-43.9,,,,,
20230502,blue_tank4,26.34,33.93,-43.9,,,,,
20230502,quarantine_tank,22.84,38.1,-61.1,,,,,
20230504,header_tank,26.32,34.31,-41.6,,,,,
20230504,blue_tank1,26.35,34.39,-42.3,,,,,
20230504,blue_tank2,26.35,34.39,-42.3,,,,,
20230504,blue_tank3,26.36,34.19,-42.5,,,,,
20230504,blue_tank4,26.36,34.19,-42.5,,,,,
20230504,quarantine_tank,23.43,38.41,-60.8,,,,,
20230508,header_tank,26.28,34.11,-42.8,,,,,
20230508,blue_tank1,26.31,33.82,-43.2,,,,,
20230508,blue_tank2,26.31,33.82,-43.2,,,,,
20230508,blue_tank3,26.32,33.82,-45.4,,,,,
20230508,blue_tank4,26.32,33.82,-45.4,,,,,
20230508,quarantine_tank,23.35,38.51,-61.8,,,,,
20230509,header_tank,26.22,34.03,-44.33,,,,,
20230509,blue_tank1,26.24,33.88,-44.9,,,,,
20230509,blue_tank2,26.24,33.88,-44.9,,,,,
20230509,blue_tank3,26.26,33.86,-45.3,,,,,
20230509,blue_tank4,26.26,33.86,-45.3,,,,,
20230509,quarantine_tank,23.46,38.51,-62.1,,,,,
20230515,header_tank,26.12,34.12,-45.2,,,,,
20230515,blue_tank1,26.2,34.02,-45.2,,,,,
20230516,header_tank,26.23,35.05,-48.9,,,,,
20230516,blue_tank1,26.27,34.95,-48.6,,,,,
20230519,header_tank,26.14,35.53,-50.4,,,,,
20230519,blue_tank1,26.21,34.33,-50.4,,,,,
20230519,quarantine_tank,23.63,37.36,-62.8,,,,,
20230522,header_tank,26.19,34.23,-48.5,,,,,
20230522,blue_tank1,26.22,34.36,-48.5,,,,,
20230523,header_tank,26.17,35.02,-48.2,,,,,
20230523,blue_tank1,26.17,34.13,-48.3,,,,,
20230525,header_tank,26.19,34.25,-48.5,,,,,
20230525,blue_tank1,26.2,34.35,-49,,,,,
20230529,header_tank,26.09,34.22,-54.2,,,,,
20230529,blue_tank1,26.11,34.12,-54.5,,,,,
20230530,header_tank,26.26,34.26,-48.8,,,,,
20230530,blue_tank1,26.29,34.54,-49,,,,,
20230530,blue_tank2,26.29,34.54,-49,,,,,
20230530,blue_tank3,26.3,34.3,-49,,,,,
20230530,blue_tank4,26.3,34.3,-49,,,,,
20230530,quarantine_tank,26.58,37.85,-60.8,,,,,
20230531,header_tank,26.38,34.71,-47.9,,,,,
20230531,blue_tank1,26.41,34.39,-48,,,,,
20230531,blue_tank2,26.41,34.39,-48,,,,,
20230531,blue_tank3,26.43,34.26,-48,,,,,
20230531,blue_tank4,26.43,34.26,-48,,,,,
20230531,quarantine_tank,23.95,37.99,-60.6,,,,,
20230601,header_tank,26.28,34.36,-48.1,,,,,
20230601,blue_tank1,26.37,34.45,-48.3,,,,,
20230601,blue_tank2,26.37,34.45,-48.3,,,,,
20230601,blue_tank3,26.37,34.39,-48.4,,,,,
20230601,blue_tank4,26.37,34.39,-48.4,,,,,
20230601,quarantine_tank,23.54,37.92,-60.7,,,,,
20230602,header_tank,26.25,34.5,-49.9,,,,,
20230602,blue_tank1,26.29,34.25,-49.9,,,,,
20230602,blue_tank2,26.29,34.25,-49.9,,,,,
20230602,blue_tank3,26.3,34.28,-49.9,,,,,
20230602,blue_tank4,26.3,34.28,-49.9,,,,,
20230602,quarantine_tank,23.47,37.97,-60.7,,,,,
20230605,header_tank,26.24,34.44,-57.9,,,,,
20230605,blue_tank1,26.27,34.18,-57.8,,,,,
20230605,blue_tank2,26.27,34.18,-57.8,,,,,
20230605,blue_tank3,26.28,34.28,-57.8,,,,,
20230605,blue_tank4,26.28,34.28,-57.8,,,,,
20230605,quarantine_tank,23.92,38.2,-63.1,,,,,
20230606,header_tank,26.5,34.18,-51.8,,,,,
20230606,blue_tank1,26.52,34.17,-51.4,,,,,
20230606,blue_tank2,26.52,34.17,-51.4,,,,,
20230606,blue_tank3,26.54,34.09,-51.6,,,,,
20230606,blue_tank4,26.54,34.09,-51.6,,,,,
20230606,quarantine_tank,23.7,38.2,-62.1,,,,,
20230607,header_tank,24.95,34.32,-45.7,,,,,
20230607,blue_tank1,24.97,34.39,-46,,,,,
20230607,blue_tank2,24.97,34.39,-46,,,,,
20230607,blue_tank3,24.92,34.24,-46,,,,,
20230607,blue_tank4,24.92,34.24,-46,,,,,
20230607,quarantine_tank,23.62,38.34,-62,,,,,
20230608,header_tank,26.78,34.79,-44.3,,,,,
20230608,blue_tank1,26.83,34.29,-44.4,,,,,
20230608,blue_tank2,26.83,34.29,-44.4,,,,,
20230608,blue_tank3,26.83,34.34,-44.6,,,,,
20230608,blue_tank4,26.83,34.34,-44.6,,,,,
20230608,quarantine_tank,23.45,38.18,-61.5,,,,,
20230609,header_tank,26.36,34.48,,,,,,
20230609,blue_tank1,26.42,34.23,,,,,,
20230609,blue_tank2,26.42,34.23,,,,,,
20230609,blue_tank3,26.41,34.3,,,,,,
20230609,blue_tank4,26.41,34.3,,,,,,
20230609,quarantine_tank,23.85,38.36,,,,,,
20230612,header_tank,26.25,34.72,,,,,,
20230612,blue_tank1,26.28,34.15,,,,,,
20230612,blue_tank2,26.28,34.15,,,,,,
20230612,blue_tank3,26.29,34.23,,,,,,
20230612,blue_tank4,26.29,34.23,,,,,,
20230612,quarantine_tank,23.81,38.52,,,,,,
20230613,header_tank,26.22,34.68,,,,,,
20230613,blue_tank1,26.28,33.88,,,,,,
20230613,blue_tank2,26.28,33.88,,,,,,
20230613,blue_tank3,26.28,34.03,,,,,,
20230613,blue_tank4,26.28,34.03,,,,,,
20230613,quarantine_tank,23.8,38.65,,,,,,
20230614,header_tank,26.24,34.54,,,,,,
20230614,blue_tank1,26.33,34.23,,,,,,
20230614,blue_tank2,26.33,34.23,,,,,,
20230614,blue_tank3,26.32,34.45,,,,,,
20230614,blue_tank4,26.32,34.45,,,,,,
20230614,quarantine_tank,23.96,38.64,,,,,,
20230615,header_tank,26.17,33.9,,,,,,
20230615,blue_tank1,26.37,33.92,,,,,,
20230615,blue_tank2,26.37,33.92,,,,,,
20230615,blue_tank3,26.34,33.84,,,,,,
20230615,blue_tank4,26.34,33.84,,,,,,
20230615,quarantine_tank,23.88,38.67,,,,,,
20230616,header_tank,26.27,34.6,,,,,,
20230616,blue_tank1,26.36,34.4,,,,,,
20230616,blue_tank2,26.36,34.4,,,,,,
20230616,blue_tank3,26.37,34.32,,,,,,
20230616,blue_tank4,26.37,34.32,,,,,,
20230616,quarantine_tank,23.97,38.81,,,,,,
20230619,header_tank,26.15,34.86,,,,,,
20230619,blue_tank1,26.19,34.91,,,,,,
20230619,blue_tank2,26.19,34.91,,,,,,
20230619,blue_tank3,26.2,34.84,,,,,,
20230619,blue_tank4,26.2,34.84,,,,,,
20230619,quarantine_tank,23.73,38.91,,,,,,
20230620,header_tank,26.43,35.05,,,,,,
20230620,blue_tank1,26.44,35.05,,,,,,
20230620,blue_tank2,26.44,35.05,,,,,,
20230620,blue_tank3,26.46,34.9,,,,,,
20230620,blue_tank4,26.46,34.9,,,,,,
20230620,quarantine_tank,23.54,38.97,,,,,,
20230621,header_tank,26.24,35.14,,,,,,
20230621,blue_tank1,26.3,35.08,,,,,,
20230621,blue_tank2,26.3,35.08,,,,,,
20230621,blue_tank3,26.3,35.08,,,,,,
20230621,blue_tank4,26.3,35.08,,,,,,
20230621,quarantine_tank,23.67,39.1,,,,,,
20230622,header_tank,26.45,35.55,,,,,,
20230622,blue_tank1,26.49,35.39,,,,,,
20230622,blue_tank2,26.49,35.39,,,,,,
20230622,blue_tank3,26.47,35.34,,,,,,
20230622,blue_tank4,26.47,35.34,,,,,,
20230622,quarantine_tank,23.55,39.01,,,,,,
20230626,header_tank,26.2,35.38,,,,,,
20230626,blue_tank1,26.1,35.39,,,,,,
20230626,blue_tank2,26.1,35.39,,,,,,
20230626,blue_tank3,26.09,35.38,,,,,,
20230626,blue_tank4,26.09,35.38,,,,,,
20230627,header_tank,26.03,36.8,,,,,,
20230627,blue_tank1,26.1,36.21,,,,,,
20230627,blue_tank2,26.1,36.21,,,,,,
20230627,blue_tank3,26.1,36.24,,,,,,
20230627,blue_tank4,26.1,36.24,,,,,,
20230628,header_tank,26.01,36.01,,,,,,
20230628,blue_tank1,25.68,35.83,,,,,,
20230628,blue_tank2,25.68,35.83,,,,,,
20230628,blue_tank3,25.89,35.87,,,,,,
20230628,blue_tank4,25.89,35.87,,,,,,
20230628,quarantine_tank,24.21,39,,,,,,
20230629,header_tank,26.05,36.16,,,,,,
20230629,blue_tank1,26.18,36.03,,,,,,
20230629,blue_tank2,26.18,36.03,,,,,,
20230629,blue_tank3,26.18,36.03,,,,,,
20230629,blue_tank4,26.18,36.03,,,,,,
20230629,quarantine_tank,24.22,38.71,,,,,,
20230630,header_tank,26.22,36.31,,,,,,
20230630,blue_tank1,26.23,36.22,,,,,,
20230630,blue_tank2,26.23,36.22,,,,,,
20230630,blue_tank3,26.23,36.21,,,,,,
20230630,blue_tank4,26.23,36.21,,,,,,
20230630,quarantine_tank,24.53,38.67,,,,,,
20230703,header_tank,26.12,34.23,,,,,,
20230703,blue_tank1,26.1,34.37,,,,,,
20230703,blue_tank2,26.1,34.37,,,,,,
20230703,blue_tank3,26.17,34.36,,,,,,
20230703,blue_tank4,26.17,34.36,,,,,,
20230704,header_tank,26.06,34.27,,,,,,
20230704,blue_tank1,26.07,34.51,,,,,,
20230704,blue_tank2,26.07,34.51,,,,,,
20230704,blue_tank3,26.07,34.39,,,,,,
20230704,blue_tank4,26.07,34.39,,,,,,
20230705,header_tank,26.14,34.22,,,,,,
20230705,blue_tank1,26.22,34.26,,,,,,
20230705,blue_tank2,26.22,34.26,,,,,,
20230705,blue_tank3,26.2,34.23,,,,,,
20230705,blue_tank4,26.2,34.23,,,,,,
20230705,quarantine_tank,24.31,36.42,,,,,,
20230706,header_tank,26.01,34.45,,,,,,
20230706,blue_tank1,26.1,34.42,,,,,,
20230706,blue_tank2,26.1,34.42,,,,,,
20230706,blue_tank3,26.11,34.45,,,,,,
20230706,blue_tank4,26.11,34.45,,,,,,
20230706,quarantine_tank,24.61,36.2,,,,,,
20230707,header_tank,26.32,34.7,,,,,,
20230707,blue_tank1,26.38,34.72,,,,,,
20230707,blue_tank2,26.38,34.72,,,,,,
20230707,blue_tank3,26.38,34.72,,,,,,
20230707,blue_tank4,26.38,34.72,,,,,,
20230707,quarantine_tank,24.72,36.36,,,,,,
20230710,header_tank,26.35,36.31,,,,,,
20230710,blue_tank1,26.36,35.36,,,,,,
20230710,blue_tank2,26.36,35.36,,,,,,
20230710,blue_tank3,26.38,35.31,,,,,,
20230710,blue_tank4,26.38,35.31,,,,,,
20230710,quarantine_tank,24.58,36.36,,,,,,
20230711,header_tank,26.14,35.65,,,,,,
20230711,blue_tank1,26.17,35.6,,,,,,
20230711,blue_tank2,26.17,35.6,,,,,,
20230711,blue_tank3,26.18,35.58,,,,,,
20230711,blue_tank4,26.18,35.58,,,,,,
20230711,quarantine_tank,24.43,36.51,,,,,,